,val_loss,loss
0,351.31683349609375,470.31887636090266
1,76.37438299141678,252.60038560923962
2,213.95593800264245,178.2862332787844
3,73.77100865981159,130.86130591666344
4,218.88612440520643,139.71378099800336
